 num,  friendly, unfriendly
   4,       397,        294
   8,       451,        447
  12,       738,        816
  16,      1263,       1221
  20,      1822,       1737
  24,      2601,       2350
  28,      3566,       3054
  32,      4533,       6985
  36,      5721,       7993
  40,      7001,       7965
  44,      8511,       8380
  48,     10034,       8232
  52,    101464,       9624
  56,     13719,      13752
  60,     15646,      15442
  64,     17739,      16927
  68,     19980,      22502
  72,     22457,      25013
  76,     24935,      27439
  80,     27682,      30864
  84,     30430,      34201
  88,     33400,      37671
  92,     36483,      40866
  96,     39767,      44104
 100,     43077,      47542
 104,     46662,      52350
 108,     50235,      55808
 112,     54042,      60187
 116,     57940,      64064
 120,     62008,      69180
 124,     66180,      74451
 128,     70557,      82174
 132,     75017,      89555
 136,     79596,     124039
 140,     84386,      93976
 144,     89232,      99212
 148,     94310,     104351
 152,     99407,     194117
 156,    104690,     117056
 160,    110159,     124017
 164,    115700,     251478
 168,    121436,     135341
 172,    127341,     141091
 176,    133247,     149756
 180,    139331,     155335
 184,    145664,     176520
 188,    152063,     170509
 192,    158557,     178137
 196,    165279,     182945
 200,    172125,     243925
 204,    178943,     198346
 208,    186098,     208710
 212,    193240,     227239
 216,    200770,     427592
 220,    208100,     232701
 224,    215757,     244166
 228,    223543,     491597
 232,    231435,     300335
 236,     88209,      98462
 240,     91236,     102272
 244,     94303,     108693
 248,     97444,     173166
 252,    100591,     112510
 256,    103797,     253029
 260,    107055,     122299
 264,    110426,     203100
 268,    113765,     205640
 272,    117171,     160528
 276,    135937,     176552
 280,    124151,     182465
 284,    127759,     197764
 288,    131375,     215690
 292,    135057,     307607
 296,    138759,     260653
 300,    142527,     277930
 304,    146347,     260422
 308,    150244,     294872
 312,    154147,     297833
 316,    158155,     324905
 320,    162163,     390266
 324,    166254,     355785
 328,    170371,     371532
 332,    174539,     378702
 336,    178779,     432423
 340,    183078,     336553
 344,    187406,     398135
 348,    191777,     426571
 352,    196218,     472280
 356,    200692,     470247
 360,    205229,     476018
 364,    209830,     451184
 368,    219666,     516370
 372,    219130,     526332
 376,    223901,     528056
 380,    228660,     489146
 384,    245605,     564613
 388,    238395,     524335
 392,    243308,     588854
 396,    248321,     602708
 400,    253363,     610541
 404,    258433,     624456
 408,    263590,     568934
 412,    273889,     635621
 416,    274012,     659914
 420,    279324,     619961
 424,    284645,     691449
 428,    290056,     700628
 432,    295497,     690660
 436,    301019,     732548
 440,    306541,     741136
 444,    312140,     751939
 448,    322994,     765633
 452,    323475,     793287
 456,    329256,     793713
 460,    335023,     810530
 464,    340900,     823985
 468,    346768,     788593
 472,    352763,     854284
 476,    358725,     864904
 480,    364794,     879884
 484,    370896,     899364
 488,    377061,     920414
 492,    383240,     948043
 496,    389503,     945268
 500,    395812,     953596
 504,    402155,     972366
 508,    408568,     993017
 512,    415025,    1607838
 516,    421573,    1023700
 520,    428089,    1039447
 524,    434712,    1047299
 528,    441361,    1069657
 532,    448121,    1087231
 536,    454850,    1120650
 540,    461659,    1112855
 544,    468508,    1136171
 548,    475455,    1153688
 552,    487441,    1160624
 556,    489411,    1181767
 560,    496532,    1205388
 564,    503652,    1217931
 568,    510764,    1230121
 572,    517967,    1250953
 576,    525269,    1266657
 580,    543286,    1299626
 584,    539978,    1391136
 588,    547390,    1346365
 592,    554893,    1356232
 596,    562363,    1366192
 600,    569957,    1371678
 604,    577551,    1398306
 608,    585268,    1414314
 612,    592970,    1435707
 616,    600779,    1460642
 620,    608580,    1476695
 624,    616491,    1486233
 628,    629634,    1504625
 632,    632363,    1554953
 636,    640430,    1542032
 640,    648471,    1586624
 644,    656625,    1615033
 648,    664836,    1637358
 652,    673021,    1623825
 656,    681317,    1665917
 660,    694710,    1658091
 664,    698336,    1689445
 668,    706471,    1705700
 672,    714948,    1725741
 676,    723461,    1788642
 680,    742811,    1985409
 684,    745959,    1964252
 688,    749374,    1949368
 692,    758097,    1846593
 696,    766922,    1859018
 700,    775746,    1872348
 704,    784651,    1906688
 708,    793552,    1916766
 712,    802631,    1977329
 716,    811869,    1954236
 720,    832400,    1987856
 724,    835703,    2009895
 728,    844461,    2021136
 732,    859620,    2043037
 736,    863131,    2067666
 740,    872505,    2087628
 744,    887907,    2158349
 748,    891492,    2135705
 752,    900532,    2161114
 756,    915971,    2175747
 760,    919829,    2210040
 764,    929274,    2224344
 768,    944759,    3182325
 772,    943497,    2280403
 776,    953331,    2305159
 780,    963175,    2355146
 784,    973123,    2359591
 788,    995277,    2411078
 792,    998737,    2389595
 796,   1003229,    2427828
 800,   1013260,    2446519
 804,   1023436,    2469198
 808,   1033661,    2515289
 812,   1043979,    2589735
 816,   1059755,    2866681
 820,   1064969,    2910825
 824,   1075689,    2650165
 828,   1097636,    2669122
 832,   1096520,    2662094
 836,   1124854,    2726686
 840,   1132193,    2691877
 844,   1128837,    2729918
 848,   1138552,    2750979
 852,   1163570,    2812301
 856,   1160252,    2797835
 860,   1171049,    2846709
 864,   1195766,    2865810
 868,   1193764,    2879656
 872,   1204329,    2914107
 876,   1222799,    2967442
 880,   1227861,    2982598
 884,   1238863,    2988634
 888,   1250371,    3038143
 892,   1261587,    3112499
 896,   1279182,    3382491
 900,   1283989,    3117994
 904,   1303915,    3161312
 908,   1307186,    3192025
 912,   1318645,    3237947
 916,   1329808,    3222439
 920,   1341533,    3244173
 924,   1361370,    3269663
 928,   1364396,    3304635
 932,   1385609,    3391875
 936,   1389035,    3377417
 940,   1410071,    3391453
 944,   1428838,    3449487
 948,   1425790,    3464162
 952,   1452453,    3464823
 956,   1449146,    3526182
 960,   1462218,    3545880
 964,   1481939,    3647970
 968,   1494665,    3594753
 972,   1499148,    3681318
 976,   1511366,    3710540
 980,   1542774,    3717690
 984,   1545970,    3805390
 988,   1550191,    3782408
 992,   1561802,    3816990
 996,   1576208,    3842798
1000,   1608603,    3862394
1004,   1611954,    3918767
1008,   1625149,    3915726
1012,   1626169,    4021609
1016,   1639769,    4232252
1020,   1652247,    4466887
1024,   1664339,    8014767
1028,   1702636,    4554120
1032,   1705463,    4394567
1036,   1715838,    4271879
1040,   1743751,    4387225
1044,   1747067,    4544740
1048,   1761362,    4596725
1052,   1762208,    4718169
1056,   1775713,    4765674
1060,   1788983,    4968603
1064,   1816047,    4996297
1068,   1844453,    5178394
1072,   1830566,    5262996
1076,   1859147,    5391057
1080,   1860628,    5481893
1084,   1885853,    5536452
1088,   1888840,    5587807
1092,   1926878,    5818969
1096,   1915094,    5879760
1100,   1943175,    6008256
1104,   1942937,    6073460
1108,   1961192,    6326672
1112,   1986249,    6380301
1116,   2002305,    6663983
1120,   2016820,    6802748
1124,   2029267,    7148620
1128,   2044714,    7297292
1132,   2060297,    7570691
1136,   2075599,    7750967
1140,   2091581,    8101404
1144,   2088616,    8372510
1148,   2118737,    8457256
1152,   2120121,    8899408
1156,   2167828,    8664493
1160,   2166196,    8705700
1164,   2182247,    8852461
1168,   2196758,    8883678
1172,   2196431,    9067853
1176,   2254045,    9104857
1180,   2247735,    9235813
1184,   2258791,    9264836
1188,   2257004,    9429470
1192,   2275618,    9478555
1196,   2308049,    9557446
1200,   2323623,    9656417
1204,   2356672,    9759330
1208,   2357614,    9907977
1212,   2370286,   10011735
1216,   2405317,    9960813
1220,   2402936,   10225304
1224,   2401766,   10260224
1228,   2430773,   10437753
1232,   2447424,   10447122
1236,   2486916,   10601333
1240,   2464713,   10710601
1244,   2514588,   10810643
1248,   2516659,   10760491
1252,   2511668,   10970579
1256,   2545288,   11077423
1260,   2544305,   11323424
1264,   2580827,   11225115
1268,   2579510,   11509685
1272,   2613230,   11538534
1276,   2648071,   11713838
1280,   2630562,   12221514
1284,   2648603,   11946769
1288,   2679677,   11977243
1292,   2698180,   12180217
1296,   2734309,   12128780
1300,   2728976,   12396987
1304,   2745966,   12414401
1308,   2774633,   12664781
1312,   2782385,   12642470
1316,   2802263,   12869577
1320,   2838802,   12897367
1324,   2851396,    8566032
1328,   2877824,   13094841
1332,   2851529,   13353751
1336,   2886981,   13412305
1340,   2906971,   13631559
1344,   2907724,   13585110
1348,   2960849,   13824928
1352,   2940956,   13933293
1356,   2978924,   14204461
1360,   2993508,   14095895
1364,   3014771,   14637660
1368,   3032849,   14357257
1372,   3049408,   14487775
1376,   3068313,   14519783
1380,   3107328,   14683557
1384,   3127387,   14766560
1388,   3140508,   14975284
1392,   3162306,   15142898
1396,   3178160,   15233243
1400,   3198605,   15429138
1404,   3217760,   15535662
1408,   3240115,   16515060
1412,   3254403,   15773287
1416,   3255558,   15961269
1420,   3273046,   16142046
1424,   3285412,   16222796
1428,   3307383,   16378228
1432,   3346761,   16518202
1436,   3371160,   16658119
1440,   3364680,   16853412
1444,   3386723,   17068157
1448,   3404430,   17164981
1452,   3438767,   17356793
1456,   3442876,   17495695
1460,   3462855,   17621790
1464,   3521659,   17750644
1468,   3543717,   17972602
1472,   3538922,   18167112
1476,   3561544,   18259473
1480,   3560543,   18430023
1484,   3575620,   18676174
1488,   3621484,   18756832
1492,   3618382,   18983672
1496,   3656378,   19096403
1500,   3659993,   19399362
1504,   3697066,   19477767
1508,   3724835,   19668260
1512,   3738676,   19760668
1516,   3734003,   19961791
1520,   3799232,   20169313
1524,   3778944,   20399056
1528,   3798900,   20496318
1532,   3843102,   20582716
1536,   3834284,   21967014
1540,   3874633,   20965404
1544,   3875306,   21154618
1548,   3921170,   21361388
1552,   3915879,   21655955
1556,   3962404,   21732249
1560,   3959152,   21862308
1564,   4004006,   22132777
1568,   4019817,   22406599
1572,   4019533,   22472281
1576,   4040102,   22706852
1580,   4060389,   22756822
1584,   4101474,   23089265
1588,   4101573,   23323733
1592,   4122363,   23313195
1596,   4140056,   23566883
1600,   4163102,   23777194
1604,   4184197,   23899657
1608,   4226374,   24109679
1612,   4223685,   24496698
1616,   4248117,   24720561
1620,   4309931,   24643164
1624,   4312168,   24903606
1628,   4357156,   25202786
1632,   4333259,   25611590
1636,   4351632,   25683138
1640,   4418452,   25807978
1644,   4424046,   25904604
1648,   4420261,   26349954
1652,   4437731,   26293911
1656,   4486935,   26474971
1660,   4482932,   26723845
1664,   4544124,   27953787
1668,   4526394,   27066684
1672,   4550923,   27280327
1676,   4612733,   27610669
1680,   4589269,   27971679
1684,   4658263,   28140893
1688,   4633583,   28369946
1692,   4665373,   28561999
1696,   4720751,   29022430
1700,   4718998,   28965490
1704,   4767004,   29382191
1708,   4786328,   29429653
1712,   4787757,   29736592
1716,   4788895,   29687809
1720,   4836865,   29857663
1724,   4833084,   30152333
1728,   4875035,   30845680
1732,   4880850,   30557815
1736,   4943778,   31074588
1740,   4969917,   31126330
1744,   4973807,   31921874
1748,   4992151,   31716625
1752,   5012188,   31933120
1756,   5053955,   32181308
1760,   5060263,   32834981
1764,   5086957,   32716205
1768,   5127633,   32871455
1772,   5149613,   33052654
1776,   5131053,   33551275
1780,   5169857,   33436281
1784,   5173249,   33738182
1788,   5238338,   33886379
1792,   5251858,   33472997
1796,   5286761,   34248433
1800,   5288013,   34509625
1804,   5337058,   35001059
1808,   5361541,   35568117
1812,   5426944,   35275540
1816,   5407086,   35812236
1820,   5388673,   35693134
1824,   5454058,   37049193
1828,   5436069,   36398782
1832,   5496999,   36777983
1836,   5499034,   36816497
1840,   5525110,   37734498
1844,   5545476,   37457028
1848,   5594980,   37828480
1852,   5616165,   37859214
1856,   5622683,   38836803
1860,   5624841,   38272748
1864,   5693863,   38884889
1868,   5710519,   38751597
1872,   5686385,   22011570
1876,   5760184,   39358351
1880,   5741870,   39741787
1884,   5784901,   39819158
1888,   5811357,   41283403
1892,   5839350,   40492569
1896,   5858405,   40781383
1900,   5889827,   40919151
1904,   5911384,   41985500
1908,   5915043,   41341732
1912,   5979147,   41715400
1916,   6003928,   42074796
1920,   6017183,   42344478
1924,   6059725,   42173998
1928,   6038821,   42798394
1932,   6082844,   43066504
1936,   6133117,   44193410
1940,   6166422,   43712786
1944,   6157770,   43957950
1948,   6188438,   44283953
1952,   6210273,   45569235
1956,   6261260,   45932117
1960,   6256166,   45337373
1964,   6312135,   45314560
1968,   6316553,   46237023
1972,   6364194,   45911790
1976,   6379754,   46266423
1980,   6383640,   46291732
1984,   6438727,   48032023
1988,   6463410,   46957146
1992,   6461969,   47396095
1996,   6494999,   47704911
2000,   6543235,   48865396
2004,   6564584,   48234345
2008,   6593612,   48763501
2012,   6619001,   48670590
2016,   6637674,   50567822
2020,   6667902,   28984248
2024,   6685106,   25588077
2028,   6685883,   27843113
2032,   6709480,   25572927
2036,   6762317,   27511452
2040,   6792142,   26668050
2044,   6813580,   28201876
2048,   6833914,  185872865
2052,   6830649,   20141493
2056,   6860229,   60699177
2060,   6893399,   20598987
2064,   6940092,   19045412
2068,   6942741,   21635096
2072,   6998685,   21015704
2076,   7025422,   21220213
2080,   7050958,   19095227
2084,   7089438,   21275976
2088,   7075256,   20333258
2092,   7113796,   23228493
2096,   7179874,   19908659
2100,   7188461,   22918401
2104,   7190747,   21890296
2108,   7236088,   22528646
2112,   7267405,   20229996
2116,   7293813,   22348733
2120,   7329289,   22194136
2124,   7367319,   21820707
2128,   7395826,   20848187
2132,   7379368,   23415668
2136,   7447657,   22634537
2140,   7435171,   25537902
2144,   7495249,   21081430
2148,   7531800,   23198475
2152,   7537700,   22614608
2156,   7574839,   22717677
2160,   7615301,   21986016
2164,   7646508,   28402937
2168,   7678348,   22427524
2172,   7657927,   24020096
2176,   7729746,   30673134
2180,   7737885,   24295082
2184,   7766760,   29647833
2188,   7811768,   24564047
2192,   7835652,   22951190
2196,   7861033,   24695954
2200,   7903381,   25902407
2204,   7903345,   24721388
2208,   7909899,   23518302
2212,   7989561,   26236901
2216,   7992160,   24166213
2220,   7993640,   25637466
2224,   8079355,   23412159
2228,   8077494,   25637190
2232,   8125010,   24563343
2236,   8159749,   26163239
2240,   8191926,   24624889
2244,   8216064,   26326860
2248,   8223989,   25542788
2252,   8277863,   26398787
2256,   8300626,   24972554
2260,   8327909,   32314406
2264,   8341682,   28106874
2268,   8387405,   27765365
2272,   8420915,   25775788
2276,   8448063,   28124997
2280,   8453710,   26369501
2284,   8505377,   28449865
2288,   8514470,   26575075
2292,   8549037,   29055481
2296,   8593674,   27413545
2300,   8626658,   29403238
2304,   8649727,   34655565
2308,   8637254,   29579360
2312,   8709308,   28002847
2316,   8738848,   30075724
2320,   8779826,   27101415
2324,   8801578,   34249856
2328,   8814236,   28235272
2332,   8863745,   30439873
2336,   8890950,   28527695
2340,   8923307,   36339539
2344,   8956884,   29347267
2348,   8983829,   30813385
2352,   8991049,   28579424
2356,   9047319,   31124732
2360,   9068218,   30378300
2364,   9130876,   32368121
2368,   9141626,   28721485
2372,   9170234,   32134116
2376,   9189782,   29424898
2380,   9226679,   32543954
2384,   9256376,   29883018
2388,   9272324,   32889932
2392,   9319385,   30346437
2396,   9358804,   33182904
2400,   9386601,   29632064
2404,   9406862,   33452619
2408,   9445966,   30433613
2412,   9470899,   33598455
2416,   9486792,   30164390
2420,   9534236,   34175308
2424,   9569685,   31616771
2428,   9601856,   34906552
2432,   9633220,   39053860
2436,   9658765,   36161474
2440,   9705034,   31843023
2444,   9725770,   35807074
2448,   9755645,   32556581
2452,   9787517,   38829870
2456,   9816488,   33894207
2460,   9859369,   36380428
2464,   9878858,   33596492
2468,   9913552,   35362155
2472,   9956470,   33052148
2476,   9974632,   36228292
2480,  10007524,   33101270
2484,  10039249,   36643695
2488,  10074481,   33754086
2492,  10121187,   37345391
2496,  10140519,   32957612
2500,  10172107,   39378126
2504,  10202146,   34389458
2508,  10231129,   37570324
2512,  10280132,   33851826
2516,  10300570,   38069398
2520,  10335184,   39371342
2524,  10369913,   38826803
2528,  10400439,   34908750
2532,  10431258,   38973782
2536,  10468365,   37103174
2540,  10504527,   39948921
2544,  10528311,   37300300
2548,  10559982,   41234861
2552,  10594157,   39444821
2556,  10628956,   42105835
2560,  10684809,   64301157
2564,  10718891,   42446361
2568,  10725279,   41308979
2572,  10781685,   43814142
2576,  10815742,   41639751
2580,  10825937,   44266769
2584,  10865435,   42762294
2588,  10893393,   45587119
2592,  10932326,   43559404
2596,  10961798,   46799181
2600,  10993436,   45031643
2604,  11067322,   47990541
2608,  11048162,   46350717
2612,  11096167,   49104356
2616,  11149786,   46243147
2620,  11186087,   50255939
2624,  11199158,   47648707
2628,  11232154,   51386009
2632,  11265795,   47649941
2636,  11299267,   50550068
2640,  11373077,   47230605
2644,  11372188,   50966093
2648,  11427387,  132570791
2652,  11468789,   50738250
2656,  11475828,   49475752
2660,  11506879,   51856330
2664,  11547266,   50872823
2668,  11593337,   52911017
2672,  11631510,   48966435
2676,  11663384,   53108184
2680,  11679905,   51311616
2684,  11731458,   53465687
2688,  11749242,   51524293
2692,  11790969,   53437517
2696,  11834968,   51534200
2700,  11870868,   54043014
2704,  11886310,   52647733
2708,  11923499,   54951480
2712,  11958245,   52869933
2716,  12011062,   55643879
2720,  12038903,   53816496
2724,  12059049,   55741922
2728,  12117134,   54133440
2732,  12138734,   55674073
2736,  12207636,   55759802
2740,  12219014,   57084361
2744,  12277656,   56274521
2748,  12276562,   57706035
2752,  12364716,   56140474
2756,  12364550,   57399305
2760,  12391375,   56380103
2764,  12432044,   58631919
2768,  12453925,   56951931
2772,  12529412,   59076113
2776,  12560961,   57144137
2780,  12564760,   59350665
2784,  12609029,   58138552
2788,  12673711,   59627022
2792,  12699801,   57966777
2796,  12852277,   60581104
2800,  12763286,   59222119
2804,  12804032,   61109290
2808,  12830508,   59100933
2812,  12868864,   61764936
2816,  12897552,   57520753
2820,  12941178,   61899131
2824,  12968974,   59991500
2828,  13002455,   62632017
2832,  13050106,   59859610
2836,  13084615,   62727786
2840,  13145125,   59796681
2844,  13176548,   62004422
2848,  13193500,   62408542
2852,  13233378,   64104221
2856,  13292224,   61682979
2860,  13329263,   64680767
2864,  13346763,   63523935
2868,  13400001,   64731314
2872,  13418932,   63299262
2876,  13472758,   65533903
2880,  13489625,   64542831
2884,  13550435,   65919623
2888,  13567237,   63271821
2892,  13647223,   65879542
2896,  13681942,   65490547
2900,  13694349,   54464704
2904,  13907794,   51587390
2908,  13747534,   56408175
2912,  13802705,   52169790
2916,  13862943,   53956108
2920,  13855808,   53023458
2924,  13926526,   55918092
2928,  13947051,   53548499
2932,  14004601,   54887230
2936,  14008224,   54381297
2940,  14048046,   57689060
2944,  14112113,   57175101
2948,  14142781,   57020697
2952,  14255267,   53864707
2956,  14235599,   59316987
2960,  14282034,   54724431
2964,  14321555,   55906363
2968,  14333166,   55392454
2972,  14397741,   59126423
2976,  14397763,   56164648
2980,  14462073,   57924574
2984,  14562493,   56940969
2988,  14547119,   61063131
2992,  14569289,   56788644
2996,  14601282,   58067284
3000,  14660601,   53619777
3004,  14651701,   61855097
3008,  14695403,   57483479
3012,  14736712,   61459738
3016,  14795475,   58045038
3020,  14840083,   59081441
3024,  14899862,   57535685
3028,  14920750,   59788166
3032,  14936733,   58454841
3036,  14966846,   60909143
3040,  15008848,   58825723
3044,  15086196,   62674054
3048,  15091676,   58371644
3052,  15121719,   60357571
3056,  15170223,   55455511
3060,  15230500,   90731322
3064,  15284863,   61002757
3068,  15331448,   64325697
3072,  15356678,  383792498
3076,  15383233,   63749238
3080,  15452286,   61376461
3084,  15427662,  357311121
3088,  15482624,   56952960
3092,  15525533,   64685761
3096,  15580248,   59595769
3100,  15599227,   63434574
3104,  15645772,   62109689
3108,  15730053,   64879532
3112,  15763620,   59325234
3116,  15804817,   64641243
3120,  15841609,   58625061
3124,  15888936,   66995428
3128,  15922505,   63050018
3132,  15960715,   67840117
3136,  15995889,   63740238
3140,  16037524,   67511700
3144,  16094433,   64269476
3148,  16107894,   66544875
3152,  16159487,   65556569
3156,  16218200,   68944936
3160,  16250745,   65770317
3164,  16295744,   67051902
3168,  16331365,   65595762
3172,  16372943,   67439534
3176,  16376642,   65723554
3180,  16419977,   67760090
3184,  16465636,   61883299
3188,  16528837,   69387699
3192,  16559318,   66166617
3196,  16605350,   69169483
3200,  16662862,   68912576
3204,  16706707,   68575400
3208,  16733619,   63659317
3212,  16758693,   69423027
3216,  16820874,   67477298
3220,  16866943,   69855128
3224,  16879023,   67855699
3228,  16947130,   70194910
3232,  16972103,   68512252
3236,  17025282,   71305520
3240,  17058529,   69478360
3244,  17111921,   71006056
3248,  17142380,   69334892
3252,  17199067,   71833000
3256,  17237810,   70185207
3260,  17288885,   74235134
3264,  17327632,   69314852
3268,  17356463,   73200315
3272,  17393571,   69980443
3276,  17456418,   75355128
3280,  17497598,   72217651
3284,  17539738,   74641043
3288,  17576498,   71342007
3292,  17622875,   73501034
3296,  17635649,   70868097
3300,  17709385,   75091732
3304,  17751044,   72002341
3308,  17811670,   76451317
3312,  17838810,   72630348
3316,  17873892,   76543802
3320,  17952040,   70073931
3324,  17983181,   76158763
3328,  18029611,   73700532
3332,  18074668,   75947105
3336,  18076923,   73346489
3340,  18117458,   73540310
3344,  18154605,   69325988
3348,  18220558,   78677909
3352,  18302708,   73616068
3356,  18284503,   78234034
3360,  18352099,   73557339
3364,  18418204,   75100479
3368,  18422362,  150782630
3372,  18479825,   78581362
3376,  18540605,   70863935
3380,  18587000,   79327659
3384,  18637610,   75935746
3388,  18694396,   80358201
3392,  18721506,   75324882
3396,  18762153,   79936016
3400,  18813744,   76525102
3404,  18830993,   79853788
3408,  18883660,   72754046
3412,  18933273,   81065833
3416,  18947844,   75664381
3420,  19008652,   81185640
3424,  19068057,   76504219
3428,  19118972,   80971696
3432,  19143559,   78357271
3436,  19208860,   81849497
3440,  19254179,   78569922
3444,  19265334,   82082189
3448,  19342477,   76437446
3452,  19387640,   83062956
3456,  19410885,   79059048
3460,  19472983,   80658060
3464,  19527267,   79395192
3468,  19549284,   83715655
3472,  19603909,   76130762
3476,  19659934,   84320705
3480,  19698246,   78514259
3484,  19746396,   84011333
3488,  19787106,   80718824
3492,  19830872,   82875027
3496,  19872522,   81090234
3500,  19914964,   85114998
3504,  19968152,   81705331
3508,  20013972,   83242962
3512,  20043355,   81372985
3516,  20109255,   85863786
3520,  20148577,   81578812
3524,  20197377,   85285342
3528,  20225434,   82647858
3532,  20305689,   84676380
3536,  20370399,   78449948
3540,  20388861,   87285985
3544,  20404484,   83589769
3548,  20473980,   86247483
3552,  20525674,   83552929
3556,  20556970,   88004820
3560,  20607747,   84548395
3564,  20689117,   88304575
3568,  20699436,   84855341
3572,  20744549,   89002467
3576,  20792625,   85199877
3580,  20857025,   90890812
3584,  20897918,  443781631
3588,  20933105,   88703964
3592,  21015435,   85704126
3596,  21039078,   88595380
3600,  21078896,   86344427
3604,  21113389,   89997730
3608,  21199301,   86715448
3612,  21248143,   91302405
3616,  21255369,   86332958
3620,  21298057,   90402899
3624,  21380741,   86431090
3628,  21391523,   92434225
3632,  21438399,   88041678
3636,  21523100,   92938262
3640,  21557803,   87143639
3644,  21584272,   93725488
3648,  21660558,   87672497
3652,  21704143,   92439282
3656,  21763161,   87312016
3660,  21764480,   94526491
3664,  21826373,   89754705
3668,  21858832,   90269056
3672,  21920892,   89277017
3676,  21953426,   95100714
3680,  21994515,   89621677
3684,  22068529,   92625157
3688,  22144090,   90517108
3692,  22166936,   98622986
3696,  22198324,   90933654
3700,  22230980,   94840955
3704,  22311638,   90470770
3708,  22343564,   97110713
3712,  22424061,   91193694
3716,  22443309,   94043676
3720,  22485170,   92621141
3724,  22549391,   96227978
3728,  22595878,   90541125
3732,  22649508,   98561057
3736,  22691252,  253790797
3740,  22738645,   98719465
3744,  22771347,   92656333
3748,  22863027,   98943940
3752,  22873030,   90037782
3756,  22935621,   95786273
3760,  23101454,   91467549
3764,  23041102,   98846286
3768,  23101083,  214600374
3772,  23132931,  100344611
3776,  23196781,   94140441
3780,  23253041,  100476351
3784,  23254849,   95824789
3788,  23330103,  101315927
3792,  23391587,   95882124
3796,  23439002,  102136404
3800,  23463851,   96749103
3804,  23515682,  102526010
3808,  23562840,   96468822
3812,  23617696,  103470588
3816,  23677333,   97616286
3820,  23723993,  104362602
3824,  23798041,   97242156
3828,  23832548,  103029394
3832,  23887478,   98183876
3836,  23948176,  105287157
3840,  23989028,   98221669
3844,  24012730,  105254089
3848,  24069844,  197889350
3852,  24159979,  105943365
3856,  25561303,  101258311
3860,  24217530,  106544511
3864,  24265105,   99917262
3868,  24355326,  106498122
3872,  24370244,  100814955
3876,  24437709,  106003294
3880,  24483452,  100690295
3884,  24534697,  108121449
3888,  24602180,   98578211
3892,  24654322,  104288048
3896,  24713517,  254272188
3900,  24742834,  107899871
3904,  24765497,  100455518
3908,  24838735,  105316503
3912,  24907235,  103033474
3916,  24950095,  109459378
3920,  25011043,  101842101
3924,  25070044,  110020656
3928,  25122269,  103377655
3932,  25115976,  106982573
3936,  25191739,  103210015
3940,  25253258,  111655068
3944,  25455889,  104646170
3948,  25375356,  108491046
3952,  25430593,  105237722
3956,  25583190,  112305429
3960,  25522472,  105309601
3964,  25558335,  112522157
3968,  25574039,  104384651
3972,  25661634,  558799999
3976,  25701291,  105509775
3980,  25783828,  113102097
3984,  25823198,  107275940
3988,  25865245,  113793644
3992,  25920454,  486450842
3996,  25981953,  109695391
4000,  26009127,  106414636
4004,  26097045,  119224296
4008,  26150860,  108378991
4012,  26338271,  118436816
4016,  26238074,  107095113
4020,  26287596,  115858595
4024,  26344899,  104451720
4028,  26390188,  116219289
4032,  26423878,  107515615
4036,  26478779,  117004995
4040,  26510451,  105201366
4044,  26743221,  117510512
4048,  26629403,  108854254
4052,  26704952,  117147922
4056,  26743362,  111253172
4060,  26993983,  118247319
4064,  26993918,  110097560
4068,  26947458,  119044212
4072,  26963264,  112398971
4076,  27034010,  120805689
4080,  27259159,  112888075
4084,  27150303,  122793084
4088,  27164822,  317285209
4092,  27227399,  127456061
4096,  27275404,  714190709
4100,  27366156,  113507258
4104,  27434796,  283329201
4108,  27413100,  112076515
4112,  27474172,  114583585
4116,  27552902,  109488858
4120,  27604105,  110384498
4124,  27651390,  109895821
4128,  27713732,  113375095
4132,  27778963,  110066307
4136,  27854185,  111052411
4140,  27879326,  110587194
4144,  27946116,  112955240
4148,  28000482,  106301722
4152,  28040719,  111448945
4156,  28087852,  108684430
4160,  28132520,  114006729
4164,  28156943,  110263031
4168,  28230475,  112273376
4172,  28298079,  113652900
4176,  28369907,  114629762
4180,  28420314,  131743179
4184,  28476744,  113221067
4188,  28543208,  112589426
4192,  28592625,  116519537
4196,  28638510,  112784240
4200,  28688786,  113840932
4204,  28771104,  113507419
4208,  28804415,  116423855
4212,  28858704,  114104183
4216,  28909630,  114836581
4220,  28944265,  114244814
4224,  29003319,  117725885
4228,  29077568,  640957194
4232,  29228371,  115636923
4236,  29139188,  115418019
4240,  29243313,  118173609
4244,  29285580,  115899799
4248,  29333532,  115729038
4252,  29430738,  116485321
4256,  29449366,  120278909
4260,  29495554,  116550670
4264,  29582433,  117587531
4268,  29603219,  117083668
4272,  29674004,  120632497
4276,  29728209,  117748459
4280,  29794988,  124028726
4284,  29831711,  117976671
4288,  29944206,  121758203
4292,  29962225,  120284111
4296,  29997400,  120590345
4300,  30044566,  121654130
4304,  30143674,  122160217
4308,  30164221,  121638074
4312,  30233414,  119902501
4316,  30318249,  120533584
4320,  30339737,  124404562
4324,  30399477,  128561760
4328,  30452698,  116878510
4332,  30501018,  121916788
4336,  30562830,  124874844
4340,  30646660,  128827499
4344,  30672463,  126027060
4348,  30738230,  129286939
4352,  30856292,  126165626
4356,  30849767,  126315353
4360,  30906509,  357999429
4364,  30988553,  129573798
4368,  31054850,  126642548
4372,  31068198,  133932168
4376,  31137506,  127057731
4380,  31189524,  132232317
4384,  31241466,  128368127
4388,  31296681,  133331184
4392,  31359990,  128618408
4396,  31411425,  132306284
4400,  31462023,  129650705
4404,  31561222,  134071976
4408,  31619753,  130318386
4412,  31741503,  134729101
4416,  31694059,  129152676
4420,  31792650,  135366758
4424,  31850734,  131201297
4428,  31890824,  130848178
4432,  31959524,  131672488
4436,  32118336,  142528810
4440,  32194985,  132870516
4444,  32114035,  139282042
4448,  32135075,  132644481
4452,  32251035,  140663863
4456,  32279683,  132814607
4460,  32350421,  139385341
4464,  32416927,  133877715
4468,  32464317,  137322155
4472,  32497818,  133915808
4476,  32572109,  140822926
4480,  32676888,  133513170
4484,  32701828,  137202707
4488,  32745418,  134668932
4492,  32803920,  142127689
4496,  32856211,  135391950
4500,  32922875,  142239150
4504,  32985866,  139902492
4508,  33066337,  143184107
4512,  33109227,  137162378
4516,  33191571,  147254824
4520,  33236376,  136578935
4524,  33249814,  144588380
4528,  33319322,  137130789
4532,  33567312,  144408679
4536,  33446799,  138005104
4540,  33689831,  148493355
4544,  33596021,  137419448
4548,  33674884,  149125692
4552,  33813188,  139928362
4556,  33809110,  141557934
4560,  33798072,  139121172
4564,  33849916,  145893830
4568,  33912865,  139797021
4572,  33969325,  143519536
4576,  34052851,  140210939
4580,  34096282,  146888927
4584,  34186956,  140331396
4588,  34257534,  148445467
4592,  34278810,  141365275
4596,  34318514,  149356251
4600,  34450116,  141293341
4604,  34493544,  148111535
4608,  34820100,  899064685
4612,  34592049,  148735769
4616,  34627131,  141734079
4620,  34686419,  148991262
4624,  34815367,  143730809
4628,  34936176,  150200811
4632,  35029017,  143410157
4636,  34963964,  338404833
4640,  35032623,  144266686
4644,  35086394,  150609054
4648,  35143119,  143413400
4652,  35208863,  152194670
4656,  35399687,  145637761
4660,  35412133,  152028840
4664,  35390367,  145759008
4668,  35424272,  153345499
4672,  35490390,  144930548
4676,  35549869,  153253803
4680,  35625363,  143872167
4684,  35696761,  151836193
4688,  35722719,  146850124
4692,  35821951,  153341526
4696,  35829650,  147559355
4700,  35901176,  155051880
4704,  35990081,  148498451
4708,  36043344,  154262435
4712,  36097090,  148249497
4716,  36153588,  156267620
4720,  36271323,  149116612
4724,  36295919,  156971873
4728,  36357826,  149863295
4732,  36425310,  156365874
4736,  36496331,  150568126
4740,  36588370,  153144836
4744,  36595307,  149864665
4748,  36666528,  157251949
4752,  36699756,  151564955
4756,  36769966,  157410571
4760,  36839828,  151089629
4764,  36879544,  158480665
4768,  36968086,  152670634
4772,  37031847,  155051734
4776,  37086265,  153095283
4780,  37280523,  160467529
4784,  37193275,  153316497
4788,  37255174,  912935998
4792,  37357144,  153034963
4796,  37450539,  160661183
4800,  37631778,  153438717
4804,  37507934,  162956133
4808,  37720037,  155204655
4812,  37655574,  160775348
4816,  37694902,  155500148
4820,  37813187,  163274320
4824,  37984814,  155166762
4828,  38072750,  163429258
4832,  38059201,  156530282
4836,  38075530,  164534253
4840,  38131620,  156956960
4844,  38364729,  160150213
4848,  38211729,  157290347
4852,  38297298,  164721927
4856,  38485111,  160207207
4860,  38657135,  165237827
4864,  38432571,  163538922
4868,  38559728,  165743797
4872,  38590100,  158162294
4876,  38667453,  165851217
4880,  38805146,  159056502
4884,  38801164,  166821313
4888,  38947019,  158755306
4892,  38889862,  167913851
4896,  38999684,  160987641
4900,  39104394,  172124277
4904,  39231042,  160321058
4908,  39369457,  165002887
4912,  40490095,  164618690
4916,  39290427,  170013292
4920,  39426621,  162081312
4924,  39426881,  168600851
4928,  39482560,  161888656
4932,  39583493,  170039988
4936,  39619544,  162355012
4940,  39700262,  170306970
4944,  39741026,  163781333
4948,  39797099,  171081338
4952,  40133644,  163757021
4956,  40172012,  172137320
4960,  39986563,  165767286
4964,  40077283,  172582960
4968,  40134109,  164744675
4972,  40218904,  174415031
4976,  40313842,  166637074
4980,  40452533,  174242277
4984,  40567618,  165815399
4988,  40455491,  174387642
4992,  40513066,  166529216
4996,  40590957,  170612850
5000,  40639930,  625456858
5004,  40723862,  170445610
5008,  40763567,  168757327
5012,  40877689,  175278857
5016,  40903318,  167836265
5020,  41023384,  177583822
5024,  41386546,  169704813
5028,  41097971,  176725768
5032,  41184185,  169633112
5036,  41250278,  178383249
5040,  41337966,  170514759
5044,  41370378,  180725430
5048,  41558889,  169835335
5052,  41506305,  181087289
5056,  41580807,  171112560
5060,  41631048,  179615369
5064,  41750975,  169533305
5068,  41764137,  180814434
5072,  41921559,  172211849
5076,  41903198,  180900766
5080,  41961430,  171995699
5084,  42016188,  366508245
5088,  42105795,  173748019
5092,  42138630,  182863668
5096,  42223630,  172785596
5100,  42269947,  184699258
5104,  42350619,  174566082
5108,  42422802,  183873618
5112,  42504135,  176223355
5116,  42555864,  188778205
5120,  42620037, 1197853805
5124,  42694849,  187400401
5128,  42826579,  176161036
5132,  42798646,  184570982
5136,  42910440,  176675846
5140,  42940422, 1171284435
5144,  43021670,  175791244
5148,  43106522,  187324244
5152,  43143601,  177954640
5156,  43202651,  188230495
5160,  43274200,  177209064
5164,  43375251,  188033738
5168,  43419738,  179286760
5172,  43479626,  187817610
5176,  43589265,  177802927
5180,  43605966,  189346827
5184,  43675149,  178879081
5188,  43748111,  189872654
5192,  43819736,  178833077
5196,  43884387,  189638697
5200,  43968709,  181171583
5204,  44036409,  189354775
5208,  44128190,  182130269
5212,  44181707,  190676051
5216,  44233429,  182487833
5220,  44342752,  190528917
5224,  44368807,  174136188
5228,  44444044,  192100936
5232,  44492822,  183089730
5236,  44557546,  192242881
5240,  44668140,  182420938
5244,  44718085,  192968315
5248,  44816457,  183183999
5252,  44819735,  190595950
5256,  44935133,  674190509
5260,  44979792,  193457325
5264,  45076508,  189343666
5268,  45103967,  191787679
5272,  45204914,  184230584
5276,  45273847,  193497831
5280,  45343002,  186899707
5284,  45412861,  194772009
5288,  45482161,  185355782
5292,  45544250,  195623100
5296,  45584714,  187924663
5300,  45682299,  196748691
5304,  45756415,  186566333
5308,  45811934,  197631378
5312,  45892069,  188052064
5316,  45957934,  197370424
5320,  46031373,  188147208
5324,  46086004,  205540927
5328,  46129256,  190044551
5332,  46231662,  198599311
5336,  46301994,  189277163
5340,  46352522,  194176763
5344,  46437531,  191865523
5348,  46515101,  201491760
5352,  46581807,  191358954
5356,  46640493,  202599628
5360,  46769316,  193209526
5364,  46788682,  202528219
5368,  46882509,  191686566
5372,  46905297,  203216971
5376,  46999384,  261948698
5380,  47061875,  202050488
5384,  47143406,  193138662
5388,  47207476,  205110538
5392,  47281686,  195466047
5396,  47416229,  204771485
5400,  47421529,  194117108
5404,  47479720,  206770011
5408,  47576689,  196622899
5412,  47652961,  758172367
5416,  47691704,  195624020
5420,  47790630,  208737949
5424,  47849465,  198441444
5428,  47963521,  208384789
5432,  47991458,  196975572
5436,  48069366,  209012784
5440,  48097664,  197476335
5444,  48212961,  210104594
5448,  48274795,  199359007
5452,  48396319,  212433361
5456,  48513505,  204576651
5460,  48486564,  212272042
5464,  48553068,  198471105
5468,  48599476,  212529749
5472,  48666383,  202260223
5476,  48742815,  211709774
5480,  48839513,  200157259
5484,  48884670,  213948221
5488,  48978174,  202857626
5492,  49158739,  212979736
5496,  49121533,  202739406
5500,  49305739,  214932581
5504,  49257187,  202519362
5508,  49348382,  213796596
5512,  49394377,  203117825
5516,  49484939,  214743535
5520,  49546850,  204420213
5524,  49793976,  216099889
5528,  49734088,  297516409
5532,  49774436,  216041127
5536,  49851148,  205655086
5540,  49898217,  216842578
5544,  49992218,  204376583
5548,  50042520, 1313770697
5552,  50125272,  207065931
5556,  50200217,  218399372
5560,  50254325,  207219399
5564,  50341502,  217211860
5568,  50489294,  206706863
5572,  50473884,  216943110
5576,  50549710,  206199739
5580,  50619453,  218413720
5584,  50703021,  208847901
5588,  50807870,  217644741
5592,  50838999,  207379473
5596,  50900093,  219047364
5600,  50978540,  210469461
5604,  51102517,  220402703
5608,  51122066,  208662168
5612,  51222543,  221002277
5616,  51272684,  211170697
5620,  51334289,  221274260
5624,  51464279,  211591196
5628,  51503394,  221793181
5632,  51580319, 1382754358
5636,  51688005,  219840768
5640,  51700207,  211075347
5644,  51798697,  221113510
5648,  51898829,  212912249
5652,  51920942,  221980668
5656,  52001632,  212167806
5660,  52065019,  221104612
5664,  52182538,  215020255
5668,  52203965, 1379672652
5672,  52323226,  213322321
5676,  52412383,  224914105
5680,  52457827,  215084849
5684,  52535773,  224998001
5688,  52597817,  214205380
5692,  52688468,  226069367
5696,  52733172,  216441366
5700,  52833612,  226204977
5704,  52955582,  215359521
5708,  52966426,  221240248
5712,  53095047,  217597943
5716,  53150221,  227304122
5720,  53180906,  216835189
5724,  53281981,  228370846
5728,  53332643,  222827878
5732,  53401130,  568968777
5736,  53484205,  218113577
5740,  53615091,  228508822
5744,  53673144,  220621157
5748,  53714133,  230469602
5752,  53821159,  218635232
5756,  53842297,  231632889
5760,  53957594,  221536858
5764,  54001193,  231419793
5768,  54098651,  220124590
5772,  54161492,  233030272
5776,  54236534,  222366519
5780,  54409705,  231971116
5784,  54402315,  221205657
5788,  54478503,  232778009
5792,  54535444,  224701248
5796,  54600434,  233983270
5800,  54679021,  223024136
5804,  54788459,  235761693
5808,  54831623,  224711521
5812,  54900310,  234895385
5816,  54974145,  223434925
5820,  55053501,  235338055
5824,  55146865,  226589672
5828,  55241382,  236618328
5832,  55355588,  225161841
5836,  55392751,  237232233
5840,  55435386,  226695621
5844,  55575973, 1065409914
5848,  55710193,  226360808
5852,  55673356,  236491088
5856,  55757413,  229631542
5860,  55828870,  238028793
5864,  55925207,  227712034
5868,  55982246,  240192308
5872,  56150419,  229802475
5876,  56143138,  239554853
5880,  56208281,  228750596
5884,  56298555,  241230212
5888,  56383419,  266066427
5892,  56445947,  240828233
5896,  56497405,  230910596
5900,  56613534,  241956517
5904,  56642732,  231012876
5908,  56762681,  243380184
5912,  56853594,  231938290
5916,  56890263,  243301615
5920,  56996164,  234495593
5924,  57073585,  245993085
5928,  57095926,  232612640
5932,  57260855,  246676550
5936,  57306215,  233601369
5940,  57347592,  247104463
5944,  57445178,  233314451
5948,  57510020,  248053697
5952,  57605454,  236569446
5956,  57668909,  248171408
5960,  57781564,  234365580
5964,  57844896,  250072565
5968,  57930999,  236064587
5972,  57963177,  250586832
5976,  58041710,  236295086
5980,  58168054,  252468095
5984,  58208488,  239405918
5988,  58273074,  253237578
5992,  58401602,  237648489
5996,  58424061,  254156418
6000,  58613685,  238058231
6004,  58588268,  256066101
6008,  58661778,  238722814
6012,  58731027,  255694872
6016,  58821043,  241430885
6020,  58927114, 1292106831
6024,  59002470,  239855537
6028,  59076895,  257329788
6032,  59158230,  240313459
6036,  59229827,  252099953
6040,  59323626,  241696385
6044,  59394341,  257724054
6048,  59487706,  244282726
6052,  59534056,  259659534
6056,  59627973,  242851101
6060,  59723874,  261518050
6064,  59789507,  242794333
6068,  59876423,  246108118
6072,  60045322,  244754771
6076,  60022812,  261936086
6080,  60103472,  247950165
6084,  60170314,  262354956
6088,  60261061,  245937936
6092,  60340945,  264635181
6096,  60412006,  245656258
6100,  60500407,  263795869
6104,  60587916,  247350694
6108,  60650934,  263867541
6112,  60733742,  249519578
6116,  60799709,  266760099
6120,  60889625,  249939873
6124,  60986751,  266829219
6128,  61111454,  248423904
6132,  61130978, 1627985604
6136,  61256846,  574145038
6140,  61302896,  277122064
6144,  61362159, 1767079578
6148,  61453679,  264122075
6152,  61549131,  583749022
6156,  61602303,  272036901
6160,  61680152,  251050672
6164,  61786819,  268563442
6168,  61883093, 1428018040
6172,  61966353,  269542970
6176,  62032547,  254806527
6180,  62141816,  273294681
6184,  62196755,  254481085
6188,  62302113,  274617516
6192,  62343716,  253265102
6196,  62396373,  273047614
6200,  62517748,  255866001
6204,  62583339,  275987423
6208,  62676275,  257372036
6212,  62750850,  274079566
6216,  62816198,  257177109
6220,  62953323,  274381380
6224,  63013954,  255558660
6228,  63066439,  274756921
6232,  63124456,  256703907
6236,  63248137,  274609331
6240,  63299796,  259741415
6244,  63401934,  274874511
6248,  63514575,  389797954
6252,  63546602,  278312708
6256,  63716127,  260019555
6260,  63737655,  279492112
6264,  63810189,  259833417
6268,  63860579,  278022545
6272,  63950500,  262750694
6276,  64047083, 1347631571
6280,  64130253,  262356454
6284,  64209553,  277887216
6288,  64274941,  260980868
6292,  64463867,  276630672
6296,  64455139,  262620822
6300,  64592495,  279076479
6304,  64609856,  265685033
6308,  64675692,  278408416
6312,  64799106,  263662641
6316,  64861213,  281212901
6320,  64945616,  263930215
6324,  65138037,  280553530
6328,  65084883,  265354536
6332,  65218133, 1716258459
6336,  65328619,  268607386
6340,  65352927,  282385376
6344,  65448314,  266533409
6348,  65483716,  280864951
6352,  65586817,  266620014
6356,  65721849,  281522494
6360,  65778535,  267366883
6364,  65851907,  281003554
6368,  65937168,  271065421
6372,  66023400,  282901227
6376,  66088437,  268922064
6380,  66185863,  283900424
6384,  66295783,  270209717
6388,  66340764,  283664227
6392,  66418843,  271106259
6396,  66533531,  285639192
6400,  66595153,  597531499
6404,  66646646,  284207051
6408,  66790492,  271949962
6412,  66863647,  285647970
6416,  67021729,  271861865
6420,  67018756,  285609569
6424,  67118342,  273101250
6428,  67174644,  287874502
6432,  67255209,  276836959
6436,  67370639,  289148520
6440,  67431697,  273646614
6444,  67490742,  289953605
6448,  67724212,  274968299
6452,  67708539,  289272428
6456,  67766578,  275952026
6460,  67851276,  290443492
6464,  67928000,  279542638
6468,  68033675, 1344881854
6472,  68095603,  277493172
6476,  68250406,  291193805
6480,  68258660,  278143473
6484,  68374397,  292821199
6488,  68463079,  278803213
6492,  68538878,  292498924
6496,  68583714,  282389613
6500,  68683432,  294867731
6504,  68803156,  280901044
6508,  68873126,  296148743
6512,  68956738,  280445253
6516,  69041036, 1547736898
6520,  69117713,  282317676
6524,  69261841,  298637220
6528,  70483465,  286112582
6532,  69386209,  297248690
6536,  69512442,  283757295
6540,  69629042,  300420515
6544,  69627443,  284445015
6548,  69706889,  299328893
6552,  69798248,  284826868
6556,  69914445,  298301783
6560,  69975214,  290088647
6564,  70075834,  297867596
6568,  70129868,  287273091
6572,  70237212,  303265593
6576,  70314127,  286720185
6580,  70398367,  302055546
6584,  70489317,  288405823
6588,  70563879,  302769549
6592,  70641385,  290806722
6596,  70744176,  302730910
6600,  70816511,  290659221
6604,  70911734,  302652820
6608,  71030996,  288547384
6612,  71209670,  306024333
6616,  71171855,  291858406
6620,  71243642,  304379622
6624,  71323874,  293648939
6628,  71445493,  307069957
6632,  71534801,  291635555
6636,  71627935,  307147031
6640,  71687665,  291551821
6644,  71753654,  307721689
6648,  71893455,  293450961
6652,  72056677,  309327281
6656,  72048898, 2110452051
6660,  72187784,  307250821
6664,  72172198,  294722664
6668,  72278852,  308140705
6672,  72365269,  294219252
6676,  72443386, 1592126967
6680,  72571584,  295779851
6684,  72625630,  311044614
6688,  72722276,  299211994
6692,  72804372,  309963904
6696,  72893897,  296391146
6700,  74162572,  315242022
6704,  73089112,  297105292
6708,  73155746,  313942243
6712,  73242160,  298093210
6716,  73327483,  316733471
6720,  73425064,  302575787
6724,  73521974,  316619430
6728,  73608190,  300533199
6732,  73678125,  319312712
6736,  73813889,  300773815
6740,  73881637,  318370228
6744,  73972080,  301148120
6748,  74048816,  320388596
6752,  74116707,  304869243
6756,  74222942,  322913280
6760,  74302232,  302149662
6764,  74420339,  322960592
6768,  74457037,  303088964
6772,  74639073,  321830156
6776,  74677126,  304764445
6780,  74738568,  325141642
6784,  74982547,  309220989
6788,  74914463,  325650247
6792,  74998987,  305426729
6796,  75095716,  327667106
6800,  75181646,  305512293
6804,  75243486,  326955220
6808,  75355805,  307466596
6812,  75443191,  331482563
6816,  75547565,  311834475
6820,  75617991, 1607730293
6824,  75787889,  309829563
6828,  75918575,  328433068
6832,  75910260,  313508507
6836,  75990217,  328166440
6840,  76124268,  310488893
6844,  76141849,  330562520
6848,  76286038,  314406229
6852,  76330538,  334769427
6856,  76419096,  311768901
6860,  76565136,  333100306
6864,  76623578,  311138682
6868,  76690137,  333503313
6872,  76766617,  312530131
6876,  76901251,  335327500
6880,  76935133,  316813504
6884,  77037117,  326128194
6888,  77203277,  314125698
6892,  77239633,  336253103
6896,  77317013,  313958866
6900,  77408359,  333202315
6904,  77536051,  315538096
6908,  77617039,  336146348
6912,  77703079, 1426088352
6916,  77754254,  336045519
6920,  77857411,  316189613
6924,  78035173,  337915250
6928,  78034989,  317004557
6932,  78156619,  337747021
6936,  78285923,  319219742
6940,  78359130,  339066609
6944,  78418721,  322413204
6948,  78480612,  337908572
6952,  78609176,  319876059
6956,  78702851,  340009885
6960,  78746434,  321351982
6964,  78877881,  341352566
6968,  78908598,  321565555
6972,  79170680,  320559504
6976,  79132824,  326316193
6980,  79196152,  340018156
6984,  79327551,  322641008
6988,  79389417,  338239530
6992,  79490215,  323598789
6996,  79575412, 1716899456
7000,  79697548,  324684903
7004,  79771741,  341631180
7008,  79843436,  328527838
7012,  79956632,  343635035
7016,  80023870, 1447307303
7020,  80117186,  342139182
7024,  80239056,  325811424
7028,  80301164, 2038981890
7032,  80413429,  328191189
7036,  80493620,  345842549
7040,  80577660,  334548458
7044,  80688908,  345229273
7048,  80757344,  328931715
7052,  80999525,  346114946
7056,  80954743,  328677729
7060,  81032424,  346875647
7064,  81106340,  330933859
7068,  81241146,  348575270
7072,  81333144,  334381151
7076,  81433095,  350947377
7080,  81491881,  331658613
7084,  81587235,  353071617
7088,  81789936,  332429688
7092,  81767852,  353293469
7096,  81880810,  335121194
7100,  82009767,  355594348
7104,  83258044,  338901467
7108,  82172596,  354521401
7112,  82259352,  335093560
7116,  82350939,  429743354
7120,  82459966,  335819759
7124,  82540729,  354538316
7128,  82611982,  337242004
7132,  82694711,  359562599
7136,  82795785,  340500222
7140,  82909327,  360968095
7144,  82984682,  337916243
7148,  83073216,  360012570
7152,  83179959,  337933710
7156,  83281400,  360437049
7160,  83400725,  341922153
7164,  83436121,  368007174
7168,  83531701, 2503427383
7172,  84852947,  365737198
7176,  83766641,  343014814
7180,  83845916,  365007824
7184,  83899511,  340849608
7188,  84011431,  363704931
7192,  84132439,  343022682
7196,  84189193,  364648329
7200,  84299343,  346554451
7204,  84373687,  366434839
7208,  84512540, 1140582156
7212,  84619324,  367999016
7216,  84661771,  344139972
7220,  84744747,  344765381
7224,  84852664,  346121749
7228,  84982277,  365600831
7232,  85055961,  351413538
7236,  85117145,  366402738
7240,  85261113,  346934533
7244,  85364358,  367683281
7248,  85409694,  348810429
7252,  85602028,  363019910
7256,  85626856,  348053977
7260,  85806931,  368867416
7264,  85821491,  352875426
7268,  85918686,  369012346
7272,  85972845,  353084208
7276,  86079214,  419244636
7280,  86200148,  360638112
7284,  86287494,  378265929
7288,  86354419,  358233331
7292,  86468540,  375604710
7296,  86609919,  359500970
7300,  86681776,  370394414
7304,  86801220,  352968964
7308,  86869932,  369544546
7312,  86967760,  353857804
7316,  87031784,  372096529
7320,  87150628,  355061404
7324,  87217754,  373175673
7328,  87355998,  359628805
7332,  87401968,  378335280
7336,  87545052,  345068552
7340,  87633434, 1830735235
7344,  87721563,  358560416
7348,  87780099,  381963978
7352,  87905270,  362395976
7356,  87992183,  363709897
7360,  88194484,  368871393
7364,  88227751,  382980060
7368,  88252115,  365862554
7372,  88381400,  387529813
7376,  88475755,  373764648
7380,  88678644,  390355139
7384,  88634982,  381951630
7388,  88858873,  380531139
7392,  88851598,  365490436
7396,  89066424,  383484788
7400,  89030530,  362113673
7404,  89134890,  384471455
7408,  89236052,  363291532
7412,  89323364,  383011590
7416,  89420512,  364182732
7420,  89487005,  385003586
7424,  89606518, 2139083469
7428,  89715530,  384992861
7432,  89857785,  363101950
7436,  89919534,  386065489
7440,  90034260,  366409434
7444,  90108166,  386293565
7448,  90216689,  367338305
7452,  90306800,  385492520
7456,  90384361,  371737434
7460,  90517838,  387729168
7464,  90603834,  367931996
7468,  90705094,  389291690
7472,  90894873,  370704753
7476,  90856107,  388238671
7480,  91033806,  369488647
7484,  91054185,  389029534
7488,  91189041,  376960833
7492,  91288155,  389761981
7496,  91398748,  369514163
7500,  91466012,  393174911
7504,  91586811,  372830393
7508,  91715411,  390961672
7512,  91826161,  373944015
7516,  91915319,  387783204
7520,  91983492,  377945483
7524,  92028836,  394393547
7528,  92265761,  374197150
7532,  92266144,  396283932
7536,  92338628,  377931821
7540,  92439962,  396664451
7544,  92635648,  376494669
7548,  93828752,  397290297
7552,  92729919,  383697302
7556,  92825870,  396708991
7560,  92944743,  379704197
7564,  93016264,  395668273
7568,  93113245,  378965640
7572,  93273475,  398448491
7576,  93323423,  379563742
7580,  93413014,  398962580
7584,  93519782,  385134645
7588,  93619171,  401863544
7592,  93695769,  381059347
7596,  93899930,  402146120
7600,  93908403,  382050187
7604,  94000600,  402380686
7608,  94097821,  382204044
7612,  94205312,  402600311
7616,  94298479,  390288134
7620,  94389789,  403501514
7624,  94551319,  385881465
7628,  94679891,  405690580
7632,  94739076,  385639060
7636,  94842492,  404639691
7640,  94879355,  387025257
7644,  95003931, 2258915601
7648,  95137237,  391181235
7652,  95285967,  407562518
7656,  95293903,  382526707
7660,  95501966,  394710902
7664,  95477629,  388820679
7668,  95624360,  409797521
7672,  95709464,  392896110
7676,  95783893,  410983404
7680,  95888403, 2917356907
7684,  96005072,  409259536
7688,  96096704,  394230532
7692,  96189951,  413717928
7696,  97916573,  407852069
7700,  96421924,  413472327
7704,  96503838,  450463551
7708,  96703108,  415444407
7712,  96712695,  397005464
7716,  96779931,  416549424
7720,  97140440, 1299354675
7724,  96989457,  417919073
7728,  97192487,  396168932
7732,  97258252,  420453690
7736,  98760479,  401029573
7740,  97425348,  421384783
7744,  97735957,  405139531
7748,  97830244,  422557949
7752,  97819476,  401359458
7756,  97798647,  428265277
7760,  97992680,  401360339
7764,  98046972,  420752120
7768,  98109018,  404258974
7772,  98221664,  422784451
7776,  98323625,  404227506
7780,  98385256,  428480554
7784,  98527913,  405734721
7788,  98629292,  426105618
7792,  98714337,  405539908
7796,  98892774,  430585227
7800,  98953492,  408791507
7804,  99094416,  436219576
7808,  99096635,  411040966
7812,  99241527,  429656730
7816,  99298680,  413009645
7820,  99444379,  434111317
7824,  99561487,  407879767
7828,  99622083,  431986146
7832,  99954844,  415368478
7836,  99850899,  430725342
7840, 100073065,  411137582
7844, 100055294,  435136744
7848, 100149229,  416888523
7852, 100253038,  438383883
7856, 100392305,  412145232
7860, 100448151,  437006139
7864, 100540543,  408925844
7868, 100746685,  440686796
7872, 100789512,  417149770
7876, 100850255,  442271737
7880, 100960506,  423736176
7884, 101066194, 2927441203
7888, 101169583,  417252906
7892, 101255402,  443450830
7896, 101362364,  418375196
7900, 101557440,  443431449
7904, 101561442,  418386300
7908, 101675306,  445626881
7912, 101763175,  428374316
7916, 101875928,  449320819
7920, 102125751,  420012278
7924, 102119793,  449341100
7928, 102240483,  430637215
7932, 102315615,  451167395
7936, 102404265, 2564235069
7940, 102524115,  448765720
7944, 102601741, 2663558127
7948, 102681885,  450974361
7952, 102833828,  423845360
7956, 102902115,  453402294
7960, 103108778,  436565362
7964, 103173758,  453969024
7968, 103229885,  425580105
7972, 103355708,  456450609
7976, 103448998, 1921187548
7980, 103507022,  460125151
7984, 103718597,  429701785
7988, 103777286,  459978130
7992, 103851495,  427047494
7996, 103938142,  459496971
8000, 104089985,  430823266
8004, 104164441,  460238985
8008, 104263252, 1024859855
8012, 104389521,  460964873
8016, 104507242,  432047803
8020, 104560237,  461167794
8024, 104726939,  448272412
8028, 104955035,  464418989
8032, 104899130,  432302936
8036, 105013851,  467878313
8040, 105141113,  452015044
8044, 105198248,  467669444
8048, 105306118,  436393445
8052, 105420287,  469309614
8056, 105527334,  454010796
8060, 105613692,  470863500
8064, 105761218,  437921695
8068, 105909743,  468755223
8072, 105961672,  457642436
8076, 106040236,  472466901
8080, 106160783,  440135334
8084, 106248875,  472814969
8088, 106429561,  461292352
8092, 106492675,  473591220
8096, 106569186,  439872932
8100, 106687626,  464568733
8104, 106806425,  464296550
8108, 107021139,  478316185
8112, 107022251,  446052818
8116, 111295967,  478769491
8120, 107227821,  468165634
8124, 107276568,  479738512
8128, 107449829,  445468137
8132, 107517878,  478053344
8136, 107598017,  473992488
8140, 107751736,  480538337
8144, 109220958,  450819177
8148, 107966599,  481522653
8152, 108035373,  480407812
8156, 108143182,  483875525
8160, 108289800,  447473271
8164, 108410720,  484534864
8168, 108462470,  487642526
8172, 108642316,  488750242
8176, 108787615,  468215523
8180, 108885364,  492928920
8184, 108923427, 1387078748
8188, 109023003,  515751328
8192, 109180869, 3428868061
8196, 109302010,  502166855
